<dependencies>
  <packages>
    <package>com.google.games:gpgs-plugin-support:2.0.0</package>
  </packages>
  <files>
    <file>Assets/GeneratedLocalRepo/GooglePlayGames/com.google.play.games/Editor/m2repository/com/google/games/gpgs-plugin-support/2.0.0/gpgs-plugin-support-2.0.0.aar</file>
    <file>Assets/GeneratedLocalRepo/GooglePlayGames/com.google.play.games/Editor/m2repository/com/google/games/gpgs-plugin-support/2.0.0/gpgs-plugin-support-2.0.0.pom</file>
  </files>
  <settings>
    <setting name="androidAbis" value="arm64-v8a,armeabi-v7a" />
    <setting name="bundleId" value="com.seanhogan.caapk" />
    <setting name="explodeAars" value="True" />
    <setting name="gradleBuildEnabled" value="True" />
    <setting name="gradlePropertiesTemplateEnabled" value="True" />
    <setting name="gradleTemplateEnabled" value="True" />
    <setting name="installAndroidPackages" value="True" />
    <setting name="localMavenRepoDir" value="Assets/GeneratedLocalRepo" />
    <setting name="packageDir" value="Assets/Plugins/Android" />
    <setting name="patchAndroidManifest" value="True" />
    <setting name="patchMainTemplateGradle" value="True" />
    <setting name="projectExportEnabled" value="False" />
    <setting name="useFullCustomMavenRepoPathWhenExport" value="True" />
    <setting name="useFullCustomMavenRepoPathWhenNotExport" value="False" />
    <setting name="useJetifier" value="True" />
  </settings>
</dependencies>